{
    "name": "root",
    "gauges": {
        "Fighter.Policy.Entropy.mean": {
            "value": 1.0945144891738892,
            "min": 1.0945144891738892,
            "max": 2.020928382873535,
            "count": 10
        },
        "Fighter.Environment.EpisodeLength.mean": {
            "value": 58.49403341288783,
            "min": 58.49403341288783,
            "max": 174.29929577464787,
            "count": 10
        },
        "Fighter.Policy.ExtrinsicValueEstimate.mean": {
            "value": 0.7119763493537903,
            "min": -1.6736363172531128,
            "max": 0.7119763493537903,
            "count": 10
        },
        "Fighter.Environment.CumulativeReward.mean": {
            "value": 0.940166464357396,
            "min": -2.8871343484701253,
            "max": 0.940166464357396,
            "count": 10
        },
        "Fighter.Policy.ExtrinsicReward.mean": {
            "value": 0.940166464357396,
            "min": -2.8871343484701253,
            "max": 0.940166464357396,
            "count": 10
        },
        "Fighter.Losses.ValueLoss.mean": {
            "value": 0.010421532206237316,
            "min": 0.008219422772526741,
            "max": 0.3615970313549042,
            "count": 10
        },
        "Fighter.Losses.PolicyLoss.mean": {
            "value": 0.023700160905718803,
            "min": 0.022604862228035927,
            "max": 0.02671397104859352,
            "count": 10
        },
        "Fighter.Policy.LearningRate.mean": {
            "value": 1.636809975025244e-05,
            "min": 1.636809975025244e-05,
            "max": 0.0002845609560608864,
            "count": 10
        },
        "Fighter.Policy.Epsilon.mean": {
            "value": 0.10545600950717926,
            "min": 0.10545600950717926,
            "max": 0.19485363364219666,
            "count": 10
        },
        "Fighter.Policy.Beta.mean": {
            "value": 0.0002822544192895293,
            "min": 0.0002822544192895293,
            "max": 0.004743197001516819,
            "count": 10
        },
        "Fighter.IsTraining.mean": {
            "value": 1.0,
            "min": 1.0,
            "max": 1.0,
            "count": 10
        }
    },
    "metadata": {
        "timer_format_version": "0.1.0",
        "start_time_seconds": "1612276684",
        "python_version": "3.8.3 (default, May 19 2020, 06:50:17) [MSC v.1916 64 bit (AMD64)]",
        "command_line_arguments": "C:\\Users\\alann\\anaconda3\\envs\\UnityML\\Scripts\\mlagents-learn config/fighter_trainer_config.yaml --run-id=Fighter10",
        "mlagents_version": "0.17.0",
        "mlagents_envs_version": "0.17.0",
        "communication_protocol_version": "1.0.0",
        "tensorflow_version": "2.2.0",
        "end_time_seconds": "1612277458"
    },
    "total": 774.5890578,
    "count": 1,
    "self": 0.23975240000004305,
    "children": {
        "run_training.setup": {
            "total": 0.016228300000000306,
            "count": 1,
            "self": 0.016228300000000306
        },
        "TrainerController.start_learning": {
            "total": 774.3330771,
            "count": 1,
            "self": 20.72621410000329,
            "children": {
                "TrainerController._reset_env": {
                    "total": 10.3993915,
                    "count": 1,
                    "self": 10.3993915
                },
                "TrainerController.advance": {
                    "total": 742.0796281999966,
                    "count": 56269,
                    "self": 0.5252781999937497,
                    "children": {
                        "env_step": {
                            "total": 741.5543500000028,
                            "count": 56269,
                            "self": 706.0854475999952,
                            "children": {
                                "SubprocessEnvManager._take_step": {
                                    "total": 34.77832030000481,
                                    "count": 56269,
                                    "self": 1.3942968999996808,
                                    "children": {
                                        "NNPolicy.evaluate": {
                                            "total": 33.38402340000513,
                                            "count": 50047,
                                            "self": 33.38402340000513
                                        }
                                    }
                                },
                                "workers": {
                                    "total": 0.6905821000028247,
                                    "count": 56269,
                                    "self": 0.0,
                                    "children": {
                                        "worker_root": {
                                            "total": 761.1927234000058,
                                            "count": 56269,
                                            "is_parallel": true,
                                            "self": 126.22105280001279,
                                            "children": {
                                                "steps_from_proto": {
                                                    "total": 0.004064999999998875,
                                                    "count": 1,
                                                    "is_parallel": true,
                                                    "self": 0.0010567000000012428,
                                                    "children": {
                                                        "_process_vector_observation": {
                                                            "total": 0.0030082999999976323,
                                                            "count": 2,
                                                            "is_parallel": true,
                                                            "self": 0.0030082999999976323
                                                        }
                                                    }
                                                },
                                                "UnityEnvironment.step": {
                                                    "total": 634.967605599993,
                                                    "count": 56269,
                                                    "is_parallel": true,
                                                    "self": 3.5234447000053706,
                                                    "children": {
                                                        "UnityEnvironment._generate_step_input": {
                                                            "total": 15.356800900001991,
                                                            "count": 56269,
                                                            "is_parallel": true,
                                                            "self": 15.356800900001991
                                                        },
                                                        "communicator.exchange": {
                                                            "total": 599.4415908999918,
                                                            "count": 56269,
                                                            "is_parallel": true,
                                                            "self": 599.4415908999918
                                                        },
                                                        "steps_from_proto": {
                                                            "total": 16.64576909999394,
                                                            "count": 56269,
                                                            "is_parallel": true,